bird,bird score,order,order score,family,family score,genus,genus score,species,species score,lifestage,lifestage score
bird,0.9990397095680237,pelecaniformes,0.988353967666626,threskiornithidae,0.9834797382354736,threskiornis,0.9942933320999146,molucca,0.9915850162506104,adult,1.0
bird,0.9989898800849915,pelecaniformes,0.9820669889450073,threskiornithidae,0.9887626767158508,threskiornis,0.8454174995422363,molucca,0.9849703311920166,adult,1.0
bird,0.9987788796424866,pelecaniformes,0.9908908009529114,threskiornithidae,0.8030686974525452,threskiornis,0.999346911907196,molucca,0.9801782965660095,adult,1.0
bird,0.9979866743087769,pelecaniformes,0.9994713664054871,threskiornithidae,0.9985082745552063,threskiornis,0.7776353359222412,molucca,0.9896564483642578,adult,1.0
bird,0.9951087832450867,pelecaniformes,0.9974408149719238,threskiornithidae,0.990022599697113,threskiornis,0.8048127293586731,molucca,0.959860622882843,adult,1.0
bird,0.9946601986885071,pelecaniformes,0.8388292789459229,threskiornithidae,0.9822857975959778,threskiornis,0.9915452003479004,molucca,0.9146186709403992,adult,1.0
